타석,타율,안타,홈런,루타,득점,볼넷,타점,도루,장타율,출루율,선수명,사진
27.0,0.407,11.0,1.0,16.0,5.0,0.0,8.0,1.0,0.593,0.407,윤도현,https://lgcxydabfbch3774324.cdn.ntruss.com/KBO_IMAGE/person/middle/2024/52667.jpg
6.0,0.4,2.0,0.0,2.0,2.0,0.0,0.0,0.0,0.4,0.5,김두현,https://lgcxydabfbch3774324.cdn.ntruss.com/KBO_IMAGE/person/middle/2024/54614.jpg
625.0,0.347,189.0,38.0,352.0,143.0,66.0,109.0,40.0,0.647,0.42,김도영,https://lgcxydabfbch3774324.cdn.ntruss.com/KBO_IMAGE/person/middle/2024/52605.jpg
466.0,0.329,139.0,9.0,189.0,48.0,30.0,57.0,5.0,0.447,0.38,김선빈,https://lgcxydabfbch3774324.cdn.ntruss.com/KBO_IMAGE/person/middle/2024/78603.jpg
248.0,0.31,63.0,1.0,82.0,40.0,36.0,26.0,3.0,0.404,0.416,서건창,https://lgcxydabfbch3774324.cdn.ntruss.com/KBO_IMAGE/person/middle/2024/78168.jpg
602.0,0.31,171.0,26.0,285.0,92.0,41.0,97.0,13.0,0.516,0.359,소크라테스,https://lgcxydabfbch3774324.cdn.ntruss.com/KBO_IMAGE/person/middle/2024/52630.jpg
69.0,0.308,20.0,0.0,25.0,17.0,4.0,11.0,0.0,0.385,0.348,박정우,https://lgcxydabfbch3774324.cdn.ntruss.com/KBO_IMAGE/person/middle/2024/67609.jpg
577.0,0.307,158.0,5.0,199.0,86.0,48.0,61.0,20.0,0.386,0.363,박찬호,https://lgcxydabfbch3774324.cdn.ntruss.com/KBO_IMAGE/person/middle/2024/64646.jpg
316.0,0.307,88.0,7.0,131.0,39.0,21.0,41.0,0.0,0.456,0.351,한준수,https://lgcxydabfbch3774324.cdn.ntruss.com/KBO_IMAGE/person/middle/2024/68646.jpg
187.0,0.304,51.0,5.0,79.0,22.0,16.0,21.0,1.0,0.47,0.369,변우혁,https://lgcxydabfbch3774324.cdn.ntruss.com/KBO_IMAGE/person/middle/2024/69727.jpg
115.0,0.295,31.0,0.0,41.0,27.0,6.0,11.0,5.0,0.39,0.339,홍종표,https://lgcxydabfbch3774324.cdn.ntruss.com/KBO_IMAGE/person/middle/2024/50600.jpg
508.0,0.292,128.0,9.0,184.0,75.0,50.0,56.0,21.0,0.42,0.371,최원준,https://lgcxydabfbch3774324.cdn.ntruss.com/KBO_IMAGE/person/middle/2024/66606.jpg
424.0,0.291,109.0,21.0,191.0,51.0,38.0,80.0,0.0,0.511,0.357,나성범,https://lgcxydabfbch3774324.cdn.ntruss.com/KBO_IMAGE/person/middle/2024/62947.jpg
449.0,0.288,115.0,9.0,160.0,56.0,44.0,54.0,7.0,0.401,0.361,이우성,https://lgcxydabfbch3774324.cdn.ntruss.com/KBO_IMAGE/person/middle/2024/63260.jpg
7.0,0.286,2.0,0.0,2.0,0.0,0.0,1.0,0.0,0.286,0.286,오선우,https://lgcxydabfbch3774324.cdn.ntruss.com/KBO_IMAGE/person/middle/2024/69636.jpg
7.0,0.286,2.0,0.0,3.0,1.0,0.0,3.0,0.0,0.429,0.286,황대인,https://lgcxydabfbch3774324.cdn.ntruss.com/KBO_IMAGE/person/middle/2024/65610.jpg
487.0,0.28,119.0,22.0,212.0,67.0,52.0,109.0,1.0,0.499,0.361,최형우,https://lgcxydabfbch3774324.cdn.ntruss.com/KBO_IMAGE/person/middle/2024/72443.jpg
30.0,0.276,8.0,0.0,12.0,5.0,1.0,2.0,0.0,0.414,0.3,박민,https://lgcxydabfbch3774324.cdn.ntruss.com/KBO_IMAGE/person/middle/2024/50657.jpg
15.0,0.273,3.0,0.0,3.0,2.0,4.0,2.0,0.0,0.273,0.467,한승택,https://lgcxydabfbch3774324.cdn.ntruss.com/KBO_IMAGE/person/middle/2024/63722.jpg
270.0,0.264,62.0,7.0,90.0,24.0,12.0,34.0,0.0,0.383,0.328,김태군,https://lgcxydabfbch3774324.cdn.ntruss.com/KBO_IMAGE/person/middle/2024/78122.jpg
247.0,0.262,50.0,1.0,63.0,36.0,45.0,18.0,4.0,0.33,0.401,이창진,https://lgcxydabfbch3774324.cdn.ntruss.com/KBO_IMAGE/person/middle/2024/64560.jpg
36.0,0.25,8.0,1.0,13.0,3.0,4.0,4.0,0.0,0.406,0.333,고종욱,https://lgcxydabfbch3774324.cdn.ntruss.com/KBO_IMAGE/person/middle/2024/61353.jpg
15.0,0.25,3.0,0.0,4.0,5.0,2.0,2.0,1.0,0.333,0.357,김규성,https://lgcxydabfbch3774324.cdn.ntruss.com/KBO_IMAGE/person/middle/2024/66614.jpg
21.0,0.211,4.0,0.0,5.0,2.0,2.0,0.0,0.0,0.263,0.286,예진원,https://lgcxydabfbch3774324.cdn.ntruss.com/KBO_IMAGE/person/middle/2024/68330.jpg
12.0,0.182,2.0,0.0,2.0,0.0,1.0,1.0,0.0,0.182,0.25,최정용,https://lgcxydabfbch3774324.cdn.ntruss.com/KBO_IMAGE/person/middle/2024/65464.jpg
67.0,0.136,8.0,1.0,13.0,12.0,8.0,4.0,3.0,0.22,0.239,김호령,https://lgcxydabfbch3774324.cdn.ntruss.com/KBO_IMAGE/person/middle/2024/65653.jpg
568.0,0.343,169.0,33.0,309.0,92.0,55.0,115.0,13.0,0.627,0.417,구자욱,https://lgcxydabfbch3774324.cdn.ntruss.com/KBO_IMAGE/person/middle/2024/62404.jpg
25.0,0.333,8.0,2.0,16.0,2.0,1.0,5.0,0.0,0.667,0.36,카데나스,https://lgcxydabfbch3774324.cdn.ntruss.com/KBO_IMAGE/person/middle/2024/54444.jpg
535.0,0.316,143.0,3.0,174.0,102.0,60.0,36.0,42.0,0.384,0.405,김지찬,https://lgcxydabfbch3774324.cdn.ntruss.com/KBO_IMAGE/person/middle/2024/50458.jpg
452.0,0.303,122.0,19.0,200.0,48.0,35.0,77.0,3.0,0.496,0.365,강민호,https://lgcxydabfbch3774324.cdn.ntruss.com/KBO_IMAGE/person/middle/2024/74540.jpg
311.0,0.302,85.0,9.0,122.0,43.0,22.0,34.0,4.0,0.434,0.358,김헌곤,https://lgcxydabfbch3774324.cdn.ntruss.com/KBO_IMAGE/person/middle/2024/61404.jpg
315.0,0.294,80.0,4.0,105.0,28.0,39.0,36.0,1.0,0.386,0.381,맥키넌,https://lgcxydabfbch3774324.cdn.ntruss.com/KBO_IMAGE/person/middle/2024/54424.jpg
188.0,0.286,46.0,7.0,73.0,26.0,22.0,20.0,1.0,0.453,0.378,윤정빈,https://lgcxydabfbch3774324.cdn.ntruss.com/KBO_IMAGE/person/middle/2024/68463.jpg
118.0,0.282,31.0,7.0,57.0,14.0,6.0,19.0,0.0,0.518,0.331,디아즈,https://lgcxydabfbch3774324.cdn.ntruss.com/KBO_IMAGE/person/middle/2024/54400.jpg
458.0,0.26,101.0,14.0,163.0,71.0,58.0,66.0,2.0,0.419,0.365,이재현,https://lgcxydabfbch3774324.cdn.ntruss.com/KBO_IMAGE/person/middle/2024/52415.jpg
348.0,0.258,78.0,3.0,98.0,43.0,33.0,36.0,11.0,0.325,0.341,류지혁,https://lgcxydabfbch3774324.cdn.ntruss.com/KBO_IMAGE/person/middle/2024/62234.jpg
509.0,0.252,115.0,28.0,221.0,65.0,45.0,79.0,9.0,0.485,0.321,김영웅,https://lgcxydabfbch3774324.cdn.ntruss.com/KBO_IMAGE/person/middle/2024/52430.jpg
8.0,0.25,2.0,1.0,5.0,1.0,0.0,3.0,0.0,0.625,0.25,김민수,https://lgcxydabfbch3774324.cdn.ntruss.com/KBO_IMAGE/person/middle/2024/64793.jpg
166.0,0.248,36.0,1.0,43.0,9.0,17.0,9.0,0.0,0.297,0.335,이병헌,https://lgcxydabfbch3774324.cdn.ntruss.com/KBO_IMAGE/person/middle/2024/69428.jpg
89.0,0.243,18.0,0.0,22.0,15.0,9.0,6.0,3.0,0.297,0.326,김성윤,https://lgcxydabfbch3774324.cdn.ntruss.com/KBO_IMAGE/person/middle/2024/67449.jpg
355.0,0.242,73.0,22.0,151.0,56.0,31.0,57.0,9.0,0.5,0.339,이성규,https://lgcxydabfbch3774324.cdn.ntruss.com/KBO_IMAGE/person/middle/2024/66409.jpg
91.0,0.238,20.0,2.0,30.0,13.0,5.0,12.0,4.0,0.357,0.278,김재상,https://lgcxydabfbch3774324.cdn.ntruss.com/KBO_IMAGE/person/middle/2024/53400.jpg
406.0,0.231,81.0,23.0,157.0,52.0,47.0,70.0,4.0,0.449,0.333,박병호,https://lgcxydabfbch3774324.cdn.ntruss.com/KBO_IMAGE/person/middle/2024/75125.jpg
128.0,0.225,25.0,5.0,45.0,17.0,14.0,14.0,0.0,0.405,0.313,전병우,https://lgcxydabfbch3774324.cdn.ntruss.com/KBO_IMAGE/person/middle/2024/65586.jpg
205.0,0.224,41.0,0.0,53.0,23.0,11.0,11.0,2.0,0.29,0.279,김현준,https://lgcxydabfbch3774324.cdn.ntruss.com/KBO_IMAGE/person/middle/2024/51417.jpg
166.0,0.218,31.0,0.0,33.0,24.0,11.0,8.0,4.0,0.232,0.279,안주형,https://lgcxydabfbch3774324.cdn.ntruss.com/KBO_IMAGE/person/middle/2024/66406.jpg
23.0,0.2,4.0,0.0,5.0,3.0,3.0,1.0,0.0,0.25,0.304,김재성,https://lgcxydabfbch3774324.cdn.ntruss.com/KBO_IMAGE/person/middle/2024/65132.jpg
21.0,0.2,4.0,0.0,5.0,2.0,0.0,1.0,0.0,0.25,0.238,김태훈,https://lgcxydabfbch3774324.cdn.ntruss.com/KBO_IMAGE/person/middle/2024/65040.jpg
21.0,0.19,4.0,0.0,5.0,1.0,0.0,2.0,0.0,0.238,0.19,이창용,https://lgcxydabfbch3774324.cdn.ntruss.com/KBO_IMAGE/person/middle/2024/51407.jpg
54.0,0.184,9.0,0.0,13.0,6.0,3.0,6.0,2.0,0.265,0.222,김재혁,https://lgcxydabfbch3774324.cdn.ntruss.com/KBO_IMAGE/person/middle/2024/52424.jpg
29.0,0.174,4.0,0.0,6.0,5.0,5.0,2.0,0.0,0.261,0.321,양도근,https://lgcxydabfbch3774324.cdn.ntruss.com/KBO_IMAGE/person/middle/2024/54408.jpg
21.0,0.111,2.0,0.0,3.0,1.0,1.0,2.0,0.0,0.167,0.19,김동엽,https://lgcxydabfbch3774324.cdn.ntruss.com/KBO_IMAGE/person/middle/2024/66838.jpg
42.0,0.108,4.0,1.0,7.0,5.0,3.0,2.0,0.0,0.189,0.175,김동진,https://lgcxydabfbch3774324.cdn.ntruss.com/KBO_IMAGE/person/middle/2024/51403.jpg
25.0,0.095,2.0,0.0,2.0,1.0,0.0,1.0,0.0,0.095,0.091,강한울,https://lgcxydabfbch3774324.cdn.ntruss.com/KBO_IMAGE/person/middle/2024/64610.jpg
17.0,0.071,1.0,1.0,4.0,1.0,1.0,2.0,0.0,0.286,0.235,공민규,https://lgcxydabfbch3774324.cdn.ntruss.com/KBO_IMAGE/person/middle/2024/68407.jpg
32.0,0.069,2.0,0.0,2.0,4.0,1.0,3.0,0.0,0.069,0.125,김호진,https://lgcxydabfbch3774324.cdn.ntruss.com/KBO_IMAGE/person/middle/2024/54460.jpg
6.0,0.667,4.0,0.0,6.0,0.0,0.0,3.0,0.0,1.0,0.667,이주헌,https://lgcxydabfbch3774324.cdn.ntruss.com/KBO_IMAGE/KBOHome/resources/images/common/no-Image.png
4.0,0.5,2.0,0.0,2.0,5.0,0.0,0.0,2.0,0.5,0.5,김대원,https://lgcxydabfbch3774324.cdn.ntruss.com/KBO_IMAGE/person/middle/2024/54164.jpg
637.0,0.336,176.0,5.0,215.0,96.0,96.0,73.0,10.0,0.41,0.447,홍창기,https://lgcxydabfbch3774324.cdn.ntruss.com/KBO_IMAGE/person/middle/2024/66108.jpg
3.0,0.333,1.0,0.0,1.0,0.0,0.0,0.0,0.0,0.333,0.333,최명경,https://lgcxydabfbch3774324.cdn.ntruss.com/KBO_IMAGE/person/middle/2024/54112.jpg
604.0,0.319,168.0,32.0,302.0,99.0,61.0,132.0,12.0,0.573,0.384,오스틴,https://lgcxydabfbch3774324.cdn.ntruss.com/KBO_IMAGE/person/middle/2024/53123.jpg
361.0,0.315,96.0,0.0,116.0,47.0,49.0,48.0,13.0,0.38,0.411,문성주,https://lgcxydabfbch3774324.cdn.ntruss.com/KBO_IMAGE/person/middle/2024/68119.jpg
602.0,0.301,156.0,22.0,263.0,80.0,65.0,101.0,7.0,0.507,0.372,문보경,https://lgcxydabfbch3774324.cdn.ntruss.com/KBO_IMAGE/person/middle/2024/69102.jpg
474.0,0.297,115.0,0.0,138.0,78.0,64.0,40.0,32.0,0.357,0.401,신민재,https://lgcxydabfbch3774324.cdn.ntruss.com/KBO_IMAGE/person/middle/2024/65207.jpg
583.0,0.294,152.0,8.0,216.0,61.0,47.0,69.0,6.0,0.418,0.357,김현수,https://lgcxydabfbch3774324.cdn.ntruss.com/KBO_IMAGE/person/middle/2024/76290.jpg
498.0,0.272,118.0,20.0,200.0,58.0,55.0,80.0,1.0,0.461,0.349,박동원,https://lgcxydabfbch3774324.cdn.ntruss.com/KBO_IMAGE/person/middle/2024/79365.jpg
41.0,0.27,10.0,1.0,15.0,18.0,1.0,5.0,6.0,0.405,0.341,최원영,https://lgcxydabfbch3774324.cdn.ntruss.com/KBO_IMAGE/person/middle/2024/52103.jpg
16.0,0.267,4.0,1.0,7.0,1.0,1.0,2.0,0.0,0.467,0.313,김성진,https://lgcxydabfbch3774324.cdn.ntruss.com/KBO_IMAGE/person/middle/2024/69105.jpg
553.0,0.263,127.0,6.0,173.0,72.0,46.0,56.0,43.0,0.359,0.336,박해민,https://lgcxydabfbch3774324.cdn.ntruss.com/KBO_IMAGE/person/middle/2024/62415.jpg
389.0,0.257,87.0,2.0,111.0,48.0,38.0,43.0,8.0,0.327,0.335,구본혁,https://lgcxydabfbch3774324.cdn.ntruss.com/KBO_IMAGE/person/middle/2024/69100.jpg
428.0,0.254,94.0,10.0,152.0,67.0,51.0,59.0,17.0,0.411,0.35,오지환,https://lgcxydabfbch3774324.cdn.ntruss.com/KBO_IMAGE/person/middle/2024/79109.jpg
180.0,0.241,39.0,6.0,61.0,14.0,14.0,24.0,0.0,0.377,0.306,김범석,https://lgcxydabfbch3774324.cdn.ntruss.com/KBO_IMAGE/person/middle/2024/53144.jpg
71.0,0.222,14.0,2.0,22.0,11.0,4.0,12.0,0.0,0.349,0.261,이영빈,https://lgcxydabfbch3774324.cdn.ntruss.com/KBO_IMAGE/person/middle/2024/51100.jpg
16.0,0.2,3.0,0.0,4.0,8.0,0.0,2.0,0.0,0.267,0.25,김현종,https://lgcxydabfbch3774324.cdn.ntruss.com/KBO_IMAGE/person/middle/2024/54166.jpg
56.0,0.184,9.0,0.0,10.0,8.0,4.0,3.0,2.0,0.204,0.241,안익훈,https://lgcxydabfbch3774324.cdn.ntruss.com/KBO_IMAGE/person/middle/2024/65115.jpg
9.0,0.167,1.0,0.0,1.0,1.0,3.0,0.0,0.0,0.167,0.444,김주성,https://lgcxydabfbch3774324.cdn.ntruss.com/KBO_IMAGE/person/middle/2024/66162.jpg
22.0,0.15,3.0,0.0,3.0,1.0,1.0,0.0,0.0,0.15,0.227,김민수,https://lgcxydabfbch3774324.cdn.ntruss.com/KBO_IMAGE/person/middle/2024/67504.jpg
17.0,0.143,2.0,0.0,2.0,3.0,2.0,0.0,0.0,0.143,0.25,함창건,https://lgcxydabfbch3774324.cdn.ntruss.com/KBO_IMAGE/person/middle/2024/50108.jpg
105.0,0.138,11.0,0.0,13.0,10.0,9.0,11.0,0.0,0.163,0.3,허도환,https://lgcxydabfbch3774324.cdn.ntruss.com/KBO_IMAGE/person/middle/2024/77243.jpg
16.0,0.077,1.0,0.0,1.0,20.0,2.0,1.0,11.0,0.077,0.2,최승민,https://lgcxydabfbch3774324.cdn.ntruss.com/KBO_IMAGE/person/middle/2024/65905.jpg
21.0,0.067,1.0,0.0,1.0,2.0,3.0,1.0,1.0,0.067,0.25,송찬의,https://lgcxydabfbch3774324.cdn.ntruss.com/KBO_IMAGE/person/middle/2024/68110.jpg
5.0,0.0,0.0,0.0,0.0,0.0,0.0,0.0,0.0,0.0,0.0,김성우,https://lgcxydabfbch3774324.cdn.ntruss.com/KBO_IMAGE/person/middle/2024/52105.jpg
3.0,0.0,0.0,0.0,0.0,0.0,0.0,0.0,0.0,0.0,0.0,김수인,https://lgcxydabfbch3774324.cdn.ntruss.com/KBO_IMAGE/person/middle/2024/50115.jpg
3.0,0.667,2.0,0.0,3.0,0.0,0.0,1.0,0.0,1.0,0.667,류현준,https://lgcxydabfbch3774324.cdn.ntruss.com/KBO_IMAGE/person/middle/2024/54219.jpg
11.0,0.4,4.0,0.0,4.0,2.0,1.0,0.0,3.0,0.4,0.455,여동건,https://lgcxydabfbch3774324.cdn.ntruss.com/KBO_IMAGE/person/middle/2024/54205.jpg
34.0,0.333,9.0,0.0,11.0,10.0,7.0,1.0,1.0,0.407,0.471,전다민,https://lgcxydabfbch3774324.cdn.ntruss.com/KBO_IMAGE/person/middle/2024/54214.jpg
169.0,0.326,47.0,10.0,95.0,29.0,21.0,39.0,4.0,0.66,0.42,제러드,https://lgcxydabfbch3774324.cdn.ntruss.com/KBO_IMAGE/person/middle/2024/54295.jpg
485.0,0.314,135.0,17.0,206.0,57.0,40.0,94.0,2.0,0.479,0.379,양의지,https://lgcxydabfbch3774324.cdn.ntruss.com/KBO_IMAGE/person/middle/2024/76232.jpg
477.0,0.309,129.0,7.0,178.0,69.0,36.0,61.0,5.0,0.427,0.384,허경민,https://lgcxydabfbch3774324.cdn.ntruss.com/KBO_IMAGE/person/middle/2024/79240.jpg
348.0,0.305,95.0,10.0,150.0,43.0,27.0,48.0,3.0,0.482,0.36,라모스,https://lgcxydabfbch3774324.cdn.ntruss.com/KBO_IMAGE/person/middle/2024/52025.jpg
154.0,0.302,38.0,1.0,46.0,20.0,19.0,11.0,0.0,0.365,0.395,김재호,https://lgcxydabfbch3774324.cdn.ntruss.com/KBO_IMAGE/person/middle/2024/74206.jpg
15.0,0.286,4.0,0.0,6.0,0.0,1.0,1.0,1.0,0.429,0.333,홍성호,https://lgcxydabfbch3774324.cdn.ntruss.com/KBO_IMAGE/person/middle/2024/66233.jpg
608.0,0.284,145.0,4.0,184.0,95.0,71.0,47.0,52.0,0.361,0.376,정수빈,https://lgcxydabfbch3774324.cdn.ntruss.com/KBO_IMAGE/person/middle/2024/79231.jpg
552.0,0.283,134.0,29.0,249.0,78.0,63.0,92.0,1.0,0.525,0.368,김재환,https://lgcxydabfbch3774324.cdn.ntruss.com/KBO_IMAGE/person/middle/2024/78224.jpg
566.0,0.28,146.0,18.0,248.0,81.0,32.0,81.0,16.0,0.476,0.328,강승호,https://lgcxydabfbch3774324.cdn.ntruss.com/KBO_IMAGE/person/middle/2024/63123.jpg
283.0,0.278,70.0,5.0,95.0,31.0,22.0,31.0,0.0,0.377,0.337,김기연,https://lgcxydabfbch3774324.cdn.ntruss.com/KBO_IMAGE/person/middle/2024/66112.jpg
262.0,0.277,64.0,3.0,84.0,39.0,22.0,23.0,16.0,0.364,0.341,이유찬,https://lgcxydabfbch3774324.cdn.ntruss.com/KBO_IMAGE/person/middle/2024/67207.jpg
382.0,0.265,87.0,0.0,96.0,60.0,33.0,30.0,64.0,0.293,0.334,조수행,https://lgcxydabfbch3774324.cdn.ntruss.com/KBO_IMAGE/person/middle/2024/66209.jpg
4.0,0.25,1.0,0.0,1.0,1.0,0.0,1.0,0.0,0.25,0.25,윤준호,https://lgcxydabfbch3774324.cdn.ntruss.com/KBO_IMAGE/person/middle/2024/53296.jpg
4.0,0.25,1.0,0.0,1.0,1.0,0.0,0.0,0.0,0.25,0.25,장규빈,https://lgcxydabfbch3774324.cdn.ntruss.com/KBO_IMAGE/person/middle/2024/50244.jpg
276.0,0.246,61.0,2.0,74.0,34.0,17.0,32.0,7.0,0.298,0.301,전민재,https://lgcxydabfbch3774324.cdn.ntruss.com/KBO_IMAGE/person/middle/2024/68205.jpg
593.0,0.246,131.0,34.0,260.0,83.0,49.0,107.0,5.0,0.488,0.316,양석환,https://lgcxydabfbch3774324.cdn.ntruss.com/KBO_IMAGE/person/middle/2024/64153.jpg
212.0,0.226,42.0,7.0,76.0,25.0,21.0,28.0,2.0,0.409,0.313,박준영,https://lgcxydabfbch3774324.cdn.ntruss.com/KBO_IMAGE/person/middle/2024/66928.jpg
20.0,0.222,4.0,0.0,4.0,2.0,2.0,1.0,0.0,0.222,0.3,서예일,https://lgcxydabfbch3774324.cdn.ntruss.com/KBO_IMAGE/person/middle/2024/66203.jpg
8.0,0.2,1.0,1.0,4.0,1.0,3.0,2.0,0.0,0.8,0.5,김민혁,https://lgcxydabfbch3774324.cdn.ntruss.com/KBO_IMAGE/person/middle/2024/65269.jpg
20.0,0.2,3.0,0.0,4.0,5.0,5.0,0.0,1.0,0.267,0.4,박계범,https://lgcxydabfbch3774324.cdn.ntruss.com/KBO_IMAGE/person/middle/2024/64468.jpg
5.0,0.2,1.0,0.0,1.0,0.0,0.0,0.0,0.0,0.2,0.2,안승한,https://lgcxydabfbch3774324.cdn.ntruss.com/KBO_IMAGE/person/middle/2024/64011.jpg
23.0,0.2,4.0,0.0,6.0,1.0,2.0,0.0,0.0,0.3,0.273,장승현,https://lgcxydabfbch3774324.cdn.ntruss.com/KBO_IMAGE/person/middle/2024/63202.jpg
26.0,0.174,4.0,1.0,7.0,3.0,2.0,2.0,0.0,0.304,0.231,김인태,https://lgcxydabfbch3774324.cdn.ntruss.com/KBO_IMAGE/person/middle/2024/63257.jpg
89.0,0.133,10.0,1.0,14.0,10.0,8.0,7.0,1.0,0.187,0.23,김대한,https://lgcxydabfbch3774324.cdn.ntruss.com/KBO_IMAGE/person/middle/2024/69238.jpg
12.0,0.125,1.0,0.0,1.0,2.0,4.0,1.0,0.0,0.125,0.417,양찬열,https://lgcxydabfbch3774324.cdn.ntruss.com/KBO_IMAGE/person/middle/2024/50293.jpg
27.0,0.087,2.0,0.0,2.0,7.0,0.0,1.0,0.0,0.087,0.192,김태근,https://lgcxydabfbch3774324.cdn.ntruss.com/KBO_IMAGE/person/middle/2024/69207.jpg
1.0,0.0,0.0,0.0,0.0,0.0,0.0,0.0,0.0,0.0,0.0,권휘,https://lgcxydabfbch3774324.cdn.ntruss.com/KBO_IMAGE/person/middle/2024/50203.jpg
3.0,0.667,2.0,0.0,3.0,2.0,0.0,1.0,0.0,1.0,0.667,박경수,https://lgcxydabfbch3774324.cdn.ntruss.com/KBO_IMAGE/person/middle/2024/73113.jpg
16.0,0.357,5.0,0.0,5.0,9.0,2.0,1.0,0.0,0.357,0.438,김병준,https://lgcxydabfbch3774324.cdn.ntruss.com/KBO_IMAGE/person/middle/2024/52002.jpg
393.0,0.353,124.0,1.0,147.0,47.0,35.0,34.0,4.0,0.419,0.41,김민혁,https://lgcxydabfbch3774324.cdn.ntruss.com/KBO_IMAGE/person/middle/2024/64004.jpg
670.0,0.329,188.0,32.0,325.0,108.0,88.0,112.0,2.0,0.568,0.421,로하스,https://lgcxydabfbch3774324.cdn.ntruss.com/KBO_IMAGE/person/middle/2024/67025.jpg
36.0,0.308,8.0,1.0,12.0,4.0,8.0,8.0,0.0,0.462,0.471,강현우,https://lgcxydabfbch3774324.cdn.ntruss.com/KBO_IMAGE/person/middle/2024/50066.jpg
45.0,0.306,11.0,0.0,13.0,2.0,3.0,3.0,0.0,0.361,0.35,조대현,https://lgcxydabfbch3774324.cdn.ntruss.com/KBO_IMAGE/person/middle/2024/68089.jpg
255.0,0.295,69.0,1.0,86.0,41.0,18.0,17.0,7.0,0.368,0.346,천성호,https://lgcxydabfbch3774324.cdn.ntruss.com/KBO_IMAGE/person/middle/2024/50054.jpg
201.0,0.293,51.0,6.0,85.0,33.0,18.0,27.0,0.0,0.489,0.369,오윤석,https://lgcxydabfbch3774324.cdn.ntruss.com/KBO_IMAGE/person/middle/2024/64504.jpg
614.0,0.289,159.0,26.0,264.0,92.0,59.0,96.0,6.0,0.48,0.36,강백호,https://lgcxydabfbch3774324.cdn.ntruss.com/KBO_IMAGE/person/middle/2024/68050.jpg
152.0,0.279,34.0,3.0,46.0,18.0,16.0,19.0,2.0,0.377,0.371,신본기,https://lgcxydabfbch3774324.cdn.ntruss.com/KBO_IMAGE/person/middle/2024/62556.jpg
420.0,0.276,102.0,4.0,140.0,60.0,37.0,45.0,3.0,0.379,0.351,김상수,https://lgcxydabfbch3774324.cdn.ntruss.com/KBO_IMAGE/person/middle/2024/79402.jpg
473.0,0.275,111.0,7.0,159.0,49.0,50.0,59.0,9.0,0.394,0.355,배정대,https://lgcxydabfbch3774324.cdn.ntruss.com/KBO_IMAGE/person/middle/2024/64166.jpg
489.0,0.268,112.0,19.0,188.0,53.0,60.0,81.0,5.0,0.45,0.355,장성우,https://lgcxydabfbch3774324.cdn.ntruss.com/KBO_IMAGE/person/middle/2024/78548.jpg
192.0,0.266,45.0,3.0,58.0,22.0,17.0,28.0,7.0,0.343,0.337,심우준,https://lgcxydabfbch3774324.cdn.ntruss.com/KBO_IMAGE/person/middle/2024/64006.jpg
536.0,0.26,128.0,13.0,189.0,60.0,34.0,58.0,4.0,0.383,0.309,황재균,https://lgcxydabfbch3774324.cdn.ntruss.com/KBO_IMAGE/person/middle/2024/76313.jpg
403.0,0.256,89.0,17.0,151.0,50.0,45.0,58.0,6.0,0.435,0.351,문상철,https://lgcxydabfbch3774324.cdn.ntruss.com/KBO_IMAGE/person/middle/2024/64007.jpg
48.0,0.25,11.0,0.0,11.0,12.0,2.0,3.0,0.0,0.25,0.283,안치영,https://lgcxydabfbch3774324.cdn.ntruss.com/KBO_IMAGE/person/middle/2024/67006.jpg
165.0,0.248,37.0,0.0,42.0,17.0,13.0,13.0,5.0,0.282,0.309,조용호,https://lgcxydabfbch3774324.cdn.ntruss.com/KBO_IMAGE/person/middle/2024/64868.jpg
343.0,0.243,72.0,11.0,125.0,33.0,36.0,45.0,0.0,0.422,0.321,오재일,https://lgcxydabfbch3774324.cdn.ntruss.com/KBO_IMAGE/person/middle/2024/75334.jpg
30.0,0.24,6.0,0.0,8.0,6.0,5.0,3.0,0.0,0.32,0.367,김준태,https://lgcxydabfbch3774324.cdn.ntruss.com/KBO_IMAGE/person/middle/2024/62558.jpg
74.0,0.226,14.0,0.0,16.0,9.0,8.0,3.0,0.0,0.258,0.324,정준영,https://lgcxydabfbch3774324.cdn.ntruss.com/KBO_IMAGE/person/middle/2024/53058.jpg
10.0,0.222,2.0,0.0,2.0,3.0,1.0,0.0,0.0,0.222,0.3,권동진,https://lgcxydabfbch3774324.cdn.ntruss.com/KBO_IMAGE/person/middle/2024/51003.jpg
22.0,0.222,4.0,0.0,6.0,5.0,3.0,2.0,0.0,0.333,0.333,홍현빈,https://lgcxydabfbch3774324.cdn.ntruss.com/KBO_IMAGE/person/middle/2024/67005.jpg
14.0,0.214,3.0,0.0,3.0,6.0,0.0,0.0,0.0,0.214,0.214,박민석,https://lgcxydabfbch3774324.cdn.ntruss.com/KBO_IMAGE/person/middle/2024/69056.jpg
20.0,0.214,3.0,0.0,3.0,8.0,3.0,1.0,0.0,0.214,0.421,송민섭,https://lgcxydabfbch3774324.cdn.ntruss.com/KBO_IMAGE/person/middle/2024/64012.jpg
29.0,0.2,5.0,1.0,10.0,5.0,2.0,2.0,0.0,0.4,0.276,안현민,https://lgcxydabfbch3774324.cdn.ntruss.com/KBO_IMAGE/person/middle/2024/52001.jpg
18.0,0.176,3.0,0.0,5.0,3.0,1.0,0.0,0.0,0.294,0.222,윤준혁,https://lgcxydabfbch3774324.cdn.ntruss.com/KBO_IMAGE/person/middle/2024/50092.jpg
43.0,0.146,6.0,0.0,7.0,3.0,1.0,0.0,0.0,0.171,0.167,이호연,https://lgcxydabfbch3774324.cdn.ntruss.com/KBO_IMAGE/person/middle/2024/68504.jpg
25.0,0.125,3.0,0.0,4.0,2.0,1.0,1.0,0.0,0.167,0.16,김건형,https://lgcxydabfbch3774324.cdn.ntruss.com/KBO_IMAGE/person/middle/2024/51005.jpg
18.0,0.071,1.0,0.0,1.0,1.0,4.0,0.0,0.0,0.071,0.278,장준원,https://lgcxydabfbch3774324.cdn.ntruss.com/KBO_IMAGE/person/middle/2024/64115.jpg
591.0,0.36,195.0,21.0,291.0,82.0,28.0,118.0,4.0,0.538,0.399,에레디아,https://lgcxydabfbch3774324.cdn.ntruss.com/KBO_IMAGE/person/middle/2024/53827.jpg
240.0,0.307,66.0,1.0,87.0,40.0,19.0,23.0,16.0,0.405,0.371,정준재,https://lgcxydabfbch3774324.cdn.ntruss.com/KBO_IMAGE/person/middle/2024/54812.jpg
564.0,0.301,147.0,10.0,201.0,78.0,64.0,67.0,13.0,0.411,0.38,박성한,https://lgcxydabfbch3774324.cdn.ntruss.com/KBO_IMAGE/person/middle/2024/67893.jpg
550.0,0.291,136.0,37.0,278.0,93.0,55.0,107.0,5.0,0.594,0.384,최정,https://lgcxydabfbch3774324.cdn.ntruss.com/KBO_IMAGE/person/middle/2024/75847.jpg
302.0,0.281,71.0,5.0,102.0,40.0,37.0,37.0,5.0,0.403,0.373,추신수,https://lgcxydabfbch3774324.cdn.ntruss.com/KBO_IMAGE/person/middle/2024/51817.jpg
432.0,0.279,111.0,5.0,139.0,45.0,18.0,50.0,8.0,0.349,0.32,이지영,https://lgcxydabfbch3774324.cdn.ntruss.com/KBO_IMAGE/person/middle/2024/79456.jpg
249.0,0.276,63.0,4.0,88.0,33.0,12.0,21.0,8.0,0.386,0.317,박지환,https://lgcxydabfbch3774324.cdn.ntruss.com/KBO_IMAGE/person/middle/2024/54805.jpg
543.0,0.275,133.0,11.0,202.0,89.0,50.0,49.0,32.0,0.418,0.345,최지훈,https://lgcxydabfbch3774324.cdn.ntruss.com/KBO_IMAGE/person/middle/2024/50854.jpg
288.0,0.275,68.0,9.0,111.0,43.0,31.0,36.0,27.0,0.449,0.355,오태곤,https://lgcxydabfbch3774324.cdn.ntruss.com/KBO_IMAGE/person/middle/2024/60558.jpg
366.0,0.25,85.0,11.0,131.0,33.0,25.0,45.0,3.0,0.385,0.303,고명준,https://lgcxydabfbch3774324.cdn.ntruss.com/KBO_IMAGE/person/middle/2024/51868.jpg
317.0,0.248,72.0,10.0,121.0,40.0,18.0,36.0,15.0,0.417,0.292,하재훈,https://lgcxydabfbch3774324.cdn.ntruss.com/KBO_IMAGE/person/middle/2024/69813.jpg
38.0,0.242,8.0,0.0,8.0,4.0,1.0,4.0,0.0,0.242,0.342,조형우,https://lgcxydabfbch3774324.cdn.ntruss.com/KBO_IMAGE/person/middle/2024/51865.jpg
31.0,0.241,7.0,1.0,10.0,1.0,2.0,4.0,1.0,0.345,0.29,정현승,https://lgcxydabfbch3774324.cdn.ntruss.com/KBO_IMAGE/person/middle/2024/54815.jpg
34.0,0.24,6.0,0.0,8.0,2.0,9.0,5.0,0.0,0.32,0.441,최준우,https://lgcxydabfbch3774324.cdn.ntruss.com/KBO_IMAGE/person/middle/2024/68868.jpg
523.0,0.235,109.0,24.0,210.0,64.0,46.0,87.0,0.0,0.453,0.314,한유섬,https://lgcxydabfbch3774324.cdn.ntruss.com/KBO_IMAGE/person/middle/2024/62895.jpg
167.0,0.227,32.0,1.0,40.0,21.0,16.0,15.0,2.0,0.284,0.321,김성현,https://lgcxydabfbch3774324.cdn.ntruss.com/KBO_IMAGE/person/middle/2024/76802.jpg
29.0,0.222,6.0,0.0,9.0,4.0,1.0,2.0,0.0,0.333,0.276,신범수,https://lgcxydabfbch3774324.cdn.ntruss.com/KBO_IMAGE/person/middle/2024/66662.jpg
126.0,0.208,22.0,1.0,30.0,10.0,16.0,10.0,0.0,0.283,0.311,김민식,https://lgcxydabfbch3774324.cdn.ntruss.com/KBO_IMAGE/person/middle/2024/62864.jpg
31.0,0.185,5.0,0.0,5.0,4.0,3.0,2.0,0.0,0.185,0.267,강진성,https://lgcxydabfbch3774324.cdn.ntruss.com/KBO_IMAGE/person/middle/2024/62925.jpg
75.0,0.171,12.0,0.0,13.0,3.0,4.0,2.0,1.0,0.186,0.216,안상현,https://lgcxydabfbch3774324.cdn.ntruss.com/KBO_IMAGE/person/middle/2024/66864.jpg
50.0,0.171,6.0,0.0,6.0,12.0,8.0,0.0,6.0,0.171,0.326,최경모,https://lgcxydabfbch3774324.cdn.ntruss.com/KBO_IMAGE/person/middle/2024/69802.jpg
13.0,0.167,2.0,0.0,4.0,9.0,0.0,1.0,2.0,0.333,0.231,최상민,https://lgcxydabfbch3774324.cdn.ntruss.com/KBO_IMAGE/person/middle/2024/68805.jpg
63.0,0.088,5.0,1.0,8.0,3.0,5.0,3.0,0.0,0.14,0.159,전의산,https://lgcxydabfbch3774324.cdn.ntruss.com/KBO_IMAGE/person/middle/2024/50820.jpg
9.0,0.0,0.0,0.0,0.0,0.0,0.0,0.0,0.0,0.0,0.0,김찬형,https://lgcxydabfbch3774324.cdn.ntruss.com/KBO_IMAGE/person/middle/2024/66917.jpg
9.0,0.0,0.0,0.0,0.0,1.0,2.0,0.0,1.0,0.0,0.222,김창평,https://lgcxydabfbch3774324.cdn.ntruss.com/KBO_IMAGE/person/middle/2024/69825.jpg
2.0,0.0,0.0,0.0,0.0,0.0,0.0,0.0,0.0,0.0,0.0,류효승,https://lgcxydabfbch3774324.cdn.ntruss.com/KBO_IMAGE/person/middle/2024/50868.jpg
1.0,0.0,0.0,0.0,0.0,0.0,0.0,0.0,0.0,0.0,0.0,문승원,https://lgcxydabfbch3774324.cdn.ntruss.com/KBO_IMAGE/person/middle/2024/62869.jpg
4.0,0.667,2.0,0.0,2.0,0.0,0.0,2.0,0.0,0.667,0.75,이인한,https://lgcxydabfbch3774324.cdn.ntruss.com/KBO_IMAGE/KBOHome/resources/images/common/no-Image.png
3.0,0.5,1.0,0.0,1.0,0.0,0.0,0.0,0.0,0.5,0.5,강성우,https://lgcxydabfbch3774324.cdn.ntruss.com/KBO_IMAGE/person/middle/2024/54567.jpg
6.0,0.4,2.0,0.0,5.0,5.0,1.0,3.0,0.0,1.0,0.5,이호준,https://lgcxydabfbch3774324.cdn.ntruss.com/KBO_IMAGE/person/middle/2024/54598.jpg
627.0,0.351,200.0,15.0,291.0,88.0,46.0,109.0,5.0,0.511,0.394,레이예스,https://lgcxydabfbch3774324.cdn.ntruss.com/KBO_IMAGE/person/middle/2024/54529.jpg
401.0,0.321,116.0,4.0,159.0,94.0,31.0,26.0,51.0,0.44,0.377,황성빈,https://lgcxydabfbch3774324.cdn.ntruss.com/KBO_IMAGE/person/middle/2024/50500.jpg
426.0,0.317,125.0,18.0,213.0,70.0,17.0,78.0,7.0,0.541,0.355,손호영,https://lgcxydabfbch3774324.cdn.ntruss.com/KBO_IMAGE/person/middle/2024/50150.jpg
488.0,0.31,126.0,7.0,189.0,59.0,69.0,66.0,1.0,0.466,0.409,나승엽,https://lgcxydabfbch3774324.cdn.ntruss.com/KBO_IMAGE/person/middle/2024/51551.jpg
529.0,0.305,146.0,13.0,224.0,78.0,41.0,85.0,5.0,0.469,0.356,고승민,https://lgcxydabfbch3774324.cdn.ntruss.com/KBO_IMAGE/person/middle/2024/69517.jpg
116.0,0.3,30.0,0.0,38.0,10.0,13.0,18.0,0.0,0.38,0.374,이정훈,https://lgcxydabfbch3774324.cdn.ntruss.com/KBO_IMAGE/person/middle/2024/67644.jpg
609.0,0.295,156.0,14.0,241.0,97.0,67.0,85.0,7.0,0.456,0.379,윤동희,https://lgcxydabfbch3774324.cdn.ntruss.com/KBO_IMAGE/person/middle/2024/52591.jpg
479.0,0.293,123.0,17.0,204.0,57.0,48.0,82.0,3.0,0.486,0.368,전준우,https://lgcxydabfbch3774324.cdn.ntruss.com/KBO_IMAGE/person/middle/2024/78513.jpg
321.0,0.263,74.0,9.0,120.0,30.0,35.0,47.0,1.0,0.427,0.341,정훈,https://lgcxydabfbch3774324.cdn.ntruss.com/KBO_IMAGE/person/middle/2024/60523.jpg
105.0,0.263,25.0,2.0,37.0,13.0,6.0,4.0,0.0,0.389,0.32,이학주,https://lgcxydabfbch3774324.cdn.ntruss.com/KBO_IMAGE/person/middle/2024/69453.jpg
464.0,0.261,105.0,7.0,147.0,55.0,46.0,52.0,4.0,0.366,0.349,박승욱,https://lgcxydabfbch3774324.cdn.ntruss.com/KBO_IMAGE/person/middle/2024/62802.jpg
36.0,0.257,9.0,0.0,11.0,1.0,1.0,3.0,0.0,0.314,0.278,한동희,https://lgcxydabfbch3774324.cdn.ntruss.com/KBO_IMAGE/person/middle/2024/68525.jpg
143.0,0.25,33.0,0.0,38.0,17.0,10.0,12.0,0.0,0.288,0.308,최항,https://lgcxydabfbch3774324.cdn.ntruss.com/KBO_IMAGE/person/middle/2024/62884.jpg
138.0,0.221,29.0,2.0,37.0,9.0,3.0,7.0,0.0,0.282,0.239,정보근,https://lgcxydabfbch3774324.cdn.ntruss.com/KBO_IMAGE/person/middle/2024/68518.jpg
157.0,0.219,30.0,2.0,42.0,13.0,15.0,13.0,0.0,0.307,0.297,노진혁,https://lgcxydabfbch3774324.cdn.ntruss.com/KBO_IMAGE/person/middle/2024/62931.jpg
83.0,0.211,16.0,0.0,21.0,14.0,2.0,6.0,3.0,0.276,0.268,김민석,https://lgcxydabfbch3774324.cdn.ntruss.com/KBO_IMAGE/person/middle/2024/53554.jpg
17.0,0.2,3.0,0.0,5.0,8.0,2.0,1.0,3.0,0.333,0.294,김동혁,https://lgcxydabfbch3774324.cdn.ntruss.com/KBO_IMAGE/person/middle/2024/52504.jpg
84.0,0.2,14.0,2.0,25.0,6.0,10.0,8.0,0.0,0.357,0.321,김민성,https://lgcxydabfbch3774324.cdn.ntruss.com/KBO_IMAGE/person/middle/2024/77564.jpg
29.0,0.2,4.0,0.0,5.0,0.0,2.0,0.0,0.0,0.25,0.333,오선진,https://lgcxydabfbch3774324.cdn.ntruss.com/KBO_IMAGE/person/middle/2024/78756.jpg
171.0,0.197,30.0,6.0,58.0,24.0,13.0,21.0,0.0,0.382,0.271,손성빈,https://lgcxydabfbch3774324.cdn.ntruss.com/KBO_IMAGE/person/middle/2024/51528.jpg
155.0,0.191,26.0,5.0,44.0,11.0,9.0,20.0,0.0,0.324,0.275,유강남,https://lgcxydabfbch3774324.cdn.ntruss.com/KBO_IMAGE/person/middle/2024/61102.jpg
25.0,0.167,4.0,1.0,8.0,7.0,1.0,2.0,0.0,0.333,0.2,이주찬,https://lgcxydabfbch3774324.cdn.ntruss.com/KBO_IMAGE/person/middle/2024/51560.jpg
35.0,0.161,5.0,0.0,5.0,5.0,1.0,1.0,0.0,0.161,0.235,신윤후,https://lgcxydabfbch3774324.cdn.ntruss.com/KBO_IMAGE/person/middle/2024/69508.jpg
37.0,0.156,5.0,0.0,5.0,22.0,3.0,1.0,14.0,0.156,0.27,장두성,https://lgcxydabfbch3774324.cdn.ntruss.com/KBO_IMAGE/person/middle/2024/68507.jpg
27.0,0.115,3.0,0.0,4.0,2.0,0.0,0.0,0.0,0.154,0.148,서동욱,https://lgcxydabfbch3774324.cdn.ntruss.com/KBO_IMAGE/person/middle/2024/53569.jpg
2.0,0.0,0.0,0.0,0.0,0.0,0.0,0.0,0.0,0.0,0.0,강승구,https://lgcxydabfbch3774324.cdn.ntruss.com/KBO_IMAGE/person/middle/2024/54506.jpg
10.0,0.0,0.0,0.0,0.0,0.0,0.0,0.0,0.0,0.0,0.0,강태율,https://lgcxydabfbch3774324.cdn.ntruss.com/KBO_IMAGE/person/middle/2024/65514.jpg
389.0,0.301,105.0,3.0,130.0,52.0,31.0,35.0,4.0,0.372,0.365,황영묵,https://lgcxydabfbch3774324.cdn.ntruss.com/KBO_IMAGE/person/middle/2024/54795.jpg
533.0,0.3,142.0,13.0,202.0,64.0,49.0,66.0,3.0,0.427,0.37,안치홍,https://lgcxydabfbch3774324.cdn.ntruss.com/KBO_IMAGE/person/middle/2024/79608.jpg
151.0,0.292,40.0,1.0,54.0,16.0,10.0,11.0,1.0,0.394,0.349,하주석,https://lgcxydabfbch3774324.cdn.ntruss.com/KBO_IMAGE/person/middle/2024/62700.jpg
472.0,0.291,120.0,12.0,180.0,59.0,45.0,61.0,5.0,0.436,0.363,김태연,https://lgcxydabfbch3774324.cdn.ntruss.com/KBO_IMAGE/person/middle/2024/66704.jpg
52.0,0.286,12.0,0.0,15.0,4.0,9.0,4.0,1.0,0.357,0.423,박상언,https://lgcxydabfbch3774324.cdn.ntruss.com/KBO_IMAGE/person/middle/2024/66707.jpg
244.0,0.286,60.0,2.0,83.0,37.0,25.0,22.0,3.0,0.395,0.367,최인호,https://lgcxydabfbch3774324.cdn.ntruss.com/KBO_IMAGE/person/middle/2024/50707.jpg
289.0,0.277,72.0,5.0,107.0,29.0,24.0,47.0,3.0,0.412,0.34,문현빈,https://lgcxydabfbch3774324.cdn.ntruss.com/KBO_IMAGE/person/middle/2024/53764.jpg
374.0,0.277,93.0,1.0,112.0,49.0,26.0,46.0,6.0,0.333,0.332,이도윤,https://lgcxydabfbch3774324.cdn.ntruss.com/KBO_IMAGE/person/middle/2024/65703.jpg
522.0,0.275,125.0,24.0,221.0,75.0,63.0,70.0,7.0,0.486,0.364,페라자,https://lgcxydabfbch3774324.cdn.ntruss.com/KBO_IMAGE/person/middle/2024/54730.jpg
601.0,0.272,143.0,24.0,239.0,88.0,60.0,89.0,6.0,0.454,0.356,노시환,https://lgcxydabfbch3774324.cdn.ntruss.com/KBO_IMAGE/person/middle/2024/69737.jpg
51.0,0.271,13.0,4.0,28.0,10.0,3.0,9.0,0.0,0.583,0.314,권광민,https://lgcxydabfbch3774324.cdn.ntruss.com/KBO_IMAGE/person/middle/2024/52769.jpg
498.0,0.271,118.0,20.0,202.0,61.0,49.0,83.0,1.0,0.463,0.351,채은성,https://lgcxydabfbch3774324.cdn.ntruss.com/KBO_IMAGE/person/middle/2024/79192.jpg
327.0,0.263,76.0,9.0,119.0,56.0,29.0,44.0,14.0,0.412,0.335,장진혁,https://lgcxydabfbch3774324.cdn.ntruss.com/KBO_IMAGE/person/middle/2024/66706.jpg
348.0,0.257,72.0,4.0,94.0,34.0,33.0,37.0,0.0,0.336,0.371,최재훈,https://lgcxydabfbch3774324.cdn.ntruss.com/KBO_IMAGE/person/middle/2024/78288.jpg
152.0,0.239,32.0,1.0,39.0,10.0,7.0,16.0,0.0,0.291,0.287,이재원,https://lgcxydabfbch3774324.cdn.ntruss.com/KBO_IMAGE/person/middle/2024/76812.jpg
143.0,0.237,31.0,1.0,36.0,11.0,10.0,7.0,0.0,0.275,0.301,김인환,https://lgcxydabfbch3774324.cdn.ntruss.com/KBO_IMAGE/person/middle/2024/66715.jpg
154.0,0.233,31.0,0.0,37.0,26.0,16.0,13.0,8.0,0.278,0.322,이원석,https://lgcxydabfbch3774324.cdn.ntruss.com/KBO_IMAGE/person/middle/2024/68700.jpg
87.0,0.224,17.0,1.0,20.0,5.0,8.0,7.0,0.0,0.263,0.322,김강민,https://lgcxydabfbch3774324.cdn.ntruss.com/KBO_IMAGE/person/middle/2024/71837.jpg
39.0,0.222,8.0,0.0,9.0,6.0,3.0,4.0,0.0,0.25,0.282,유로결,https://lgcxydabfbch3774324.cdn.ntruss.com/KBO_IMAGE/person/middle/2024/69766.jpg
103.0,0.204,19.0,1.0,28.0,20.0,8.0,13.0,0.0,0.301,0.282,이진영,https://lgcxydabfbch3774324.cdn.ntruss.com/KBO_IMAGE/person/middle/2024/66657.jpg
78.0,0.172,11.0,1.0,19.0,10.0,13.0,6.0,2.0,0.297,0.312,정은원,https://lgcxydabfbch3774324.cdn.ntruss.com/KBO_IMAGE/person/middle/2024/68743.jpg
64.0,0.158,9.0,0.0,16.0,10.0,6.0,7.0,0.0,0.281,0.25,임종찬,https://lgcxydabfbch3774324.cdn.ntruss.com/KBO_IMAGE/person/middle/2024/50704.jpg
15.0,0.154,2.0,0.0,2.0,13.0,2.0,0.0,5.0,0.154,0.267,이상혁,https://lgcxydabfbch3774324.cdn.ntruss.com/KBO_IMAGE/person/middle/2024/52704.jpg
8.0,0.0,0.0,0.0,0.0,0.0,0.0,1.0,0.0,0.0,0.0,이명기,https://lgcxydabfbch3774324.cdn.ntruss.com/KBO_IMAGE/person/middle/2024/76849.jpg
7.0,0.0,0.0,0.0,0.0,0.0,1.0,0.0,0.0,0.0,0.143,장규현,https://lgcxydabfbch3774324.cdn.ntruss.com/KBO_IMAGE/person/middle/2024/51762.jpg
1.0,0.0,0.0,0.0,0.0,0.0,0.0,0.0,0.0,0.0,0.0,한경빈,https://lgcxydabfbch3774324.cdn.ntruss.com/KBO_IMAGE/person/middle/2024/52710.jpg
7.0,0.5,3.0,0.0,5.0,3.0,1.0,1.0,2.0,0.833,0.571,박영빈,https://lgcxydabfbch3774324.cdn.ntruss.com/KBO_IMAGE/person/middle/2024/50906.jpg
362.0,0.344,111.0,13.0,175.0,58.0,33.0,53.0,4.0,0.542,0.409,박건우,https://lgcxydabfbch3774324.cdn.ntruss.com/KBO_IMAGE/person/middle/2024/79215.jpg
524.0,0.329,149.0,8.0,203.0,75.0,54.0,50.0,31.0,0.448,0.408,박민우,https://lgcxydabfbch3774324.cdn.ntruss.com/KBO_IMAGE/person/middle/2024/62907.jpg
49.0,0.326,14.0,0.0,15.0,8.0,2.0,3.0,0.0,0.349,0.408,김한별,https://lgcxydabfbch3774324.cdn.ntruss.com/KBO_IMAGE/person/middle/2024/50902.jpg
564.0,0.303,152.0,46.0,315.0,90.0,39.0,119.0,0.0,0.629,0.369,데이비슨,https://lgcxydabfbch3774324.cdn.ntruss.com/KBO_IMAGE/person/middle/2024/54944.jpg
511.0,0.3,125.0,13.0,188.0,66.0,77.0,77.0,4.0,0.452,0.417,권희동,https://lgcxydabfbch3774324.cdn.ntruss.com/KBO_IMAGE/person/middle/2024/63963.jpg
353.0,0.287,95.0,7.0,132.0,45.0,16.0,50.0,6.0,0.399,0.316,손아섭,https://lgcxydabfbch3774324.cdn.ntruss.com/KBO_IMAGE/person/middle/2024/77532.jpg
234.0,0.286,61.0,5.0,87.0,31.0,13.0,33.0,8.0,0.408,0.338,천재환,https://lgcxydabfbch3774324.cdn.ntruss.com/KBO_IMAGE/person/middle/2024/67905.jpg
25.0,0.286,6.0,2.0,13.0,5.0,3.0,4.0,0.0,0.619,0.36,안중열,https://lgcxydabfbch3774324.cdn.ntruss.com/KBO_IMAGE/person/middle/2024/64022.jpg
565.0,0.284,145.0,10.0,200.0,68.0,30.0,61.0,1.0,0.392,0.342,서호철,https://lgcxydabfbch3774324.cdn.ntruss.com/KBO_IMAGE/person/middle/2024/69995.jpg
151.0,0.283,36.0,0.0,41.0,32.0,17.0,13.0,7.0,0.323,0.38,최정원,https://lgcxydabfbch3774324.cdn.ntruss.com/KBO_IMAGE/person/middle/2024/69992.jpg
171.0,0.264,39.0,1.0,51.0,21.0,14.0,10.0,4.0,0.345,0.337,박세혁,https://lgcxydabfbch3774324.cdn.ntruss.com/KBO_IMAGE/person/middle/2024/62244.jpg
558.0,0.26,126.0,16.0,200.0,78.0,51.0,73.0,4.0,0.412,0.338,김휘집,https://lgcxydabfbch3774324.cdn.ntruss.com/KBO_IMAGE/person/middle/2024/51344.jpg
475.0,0.252,97.0,9.0,146.0,61.0,51.0,49.0,16.0,0.379,0.371,김주원,https://lgcxydabfbch3774324.cdn.ntruss.com/KBO_IMAGE/person/middle/2024/51907.jpg
76.0,0.247,18.0,0.0,24.0,10.0,2.0,3.0,2.0,0.329,0.276,한석현,https://lgcxydabfbch3774324.cdn.ntruss.com/KBO_IMAGE/person/middle/2024/64101.jpg
155.0,0.232,32.0,2.0,45.0,17.0,14.0,17.0,3.0,0.326,0.301,박시원,https://lgcxydabfbch3774324.cdn.ntruss.com/KBO_IMAGE/person/middle/2024/50996.jpg
10.0,0.222,2.0,0.0,2.0,0.0,1.0,0.0,0.0,0.222,0.3,김수윤,https://lgcxydabfbch3774324.cdn.ntruss.com/KBO_IMAGE/person/middle/2024/67900.jpg
180.0,0.215,31.0,0.0,35.0,20.0,24.0,15.0,1.0,0.243,0.347,도태훈,https://lgcxydabfbch3774324.cdn.ntruss.com/KBO_IMAGE/person/middle/2024/66965.jpg
409.0,0.206,73.0,17.0,136.0,55.0,31.0,60.0,10.0,0.383,0.293,김성욱,https://lgcxydabfbch3774324.cdn.ntruss.com/KBO_IMAGE/person/middle/2024/62934.jpg
5.0,0.2,1.0,0.0,1.0,1.0,0.0,0.0,0.0,0.2,0.2,송승환,https://lgcxydabfbch3774324.cdn.ntruss.com/KBO_IMAGE/person/middle/2024/69203.jpg
34.0,0.2,6.0,3.0,15.0,4.0,2.0,5.0,0.0,0.5,0.265,오영수,https://lgcxydabfbch3774324.cdn.ntruss.com/KBO_IMAGE/person/middle/2024/68904.jpg
411.0,0.194,68.0,17.0,131.0,39.0,45.0,50.0,0.0,0.373,0.285,김형준,https://lgcxydabfbch3774324.cdn.ntruss.com/KBO_IMAGE/person/middle/2024/68912.jpg
71.0,0.185,12.0,7.0,34.0,8.0,6.0,14.0,0.0,0.523,0.254,박한결,https://lgcxydabfbch3774324.cdn.ntruss.com/KBO_IMAGE/person/middle/2024/53992.jpg
8.0,0.125,1.0,0.0,2.0,1.0,0.0,1.0,0.0,0.25,0.125,한재환,https://lgcxydabfbch3774324.cdn.ntruss.com/KBO_IMAGE/person/middle/2024/50903.jpg
5.0,0.0,0.0,0.0,0.0,0.0,0.0,0.0,0.0,0.0,0.0,김범준,https://lgcxydabfbch3774324.cdn.ntruss.com/KBO_IMAGE/person/middle/2024/69980.jpg
5.0,0.0,0.0,0.0,0.0,0.0,1.0,0.0,0.0,0.0,0.2,김세훈,https://lgcxydabfbch3774324.cdn.ntruss.com/KBO_IMAGE/person/middle/2024/54905.jpg
602.0,0.34,179.0,19.0,273.0,88.0,64.0,104.0,21.0,0.518,0.409,송성문,https://lgcxydabfbch3774324.cdn.ntruss.com/KBO_IMAGE/person/middle/2024/65357.jpg
429.0,0.33,126.0,11.0,194.0,69.0,39.0,57.0,2.0,0.508,0.399,도슨,https://lgcxydabfbch3774324.cdn.ntruss.com/KBO_IMAGE/person/middle/2024/53327.jpg
567.0,0.326,166.0,11.0,233.0,90.0,47.0,75.0,30.0,0.458,0.383,김혜성,https://lgcxydabfbch3774324.cdn.ntruss.com/KBO_IMAGE/person/middle/2024/67304.jpg
227.0,0.306,56.0,1.0,68.0,27.0,31.0,12.0,2.0,0.372,0.429,이용규,https://lgcxydabfbch3774324.cdn.ntruss.com/KBO_IMAGE/person/middle/2024/74163.jpg
537.0,0.266,126.0,13.0,190.0,82.0,49.0,60.0,6.0,0.402,0.352,이주형,https://lgcxydabfbch3774324.cdn.ntruss.com/KBO_IMAGE/person/middle/2024/50167.jpg
544.0,0.257,124.0,13.0,188.0,49.0,47.0,84.0,0.0,0.39,0.325,최주환,https://lgcxydabfbch3774324.cdn.ntruss.com/KBO_IMAGE/person/middle/2024/76267.jpg
283.0,0.257,67.0,9.0,109.0,27.0,18.0,38.0,0.0,0.418,0.3,김건희,https://lgcxydabfbch3774324.cdn.ntruss.com/KBO_IMAGE/person/middle/2024/53312.jpg
290.0,0.256,65.0,0.0,81.0,21.0,28.0,35.0,0.0,0.319,0.329,고영우,https://lgcxydabfbch3774324.cdn.ntruss.com/KBO_IMAGE/person/middle/2024/54344.jpg
148.0,0.256,33.0,0.0,40.0,23.0,13.0,6.0,3.0,0.31,0.333,박수종,https://lgcxydabfbch3774324.cdn.ntruss.com/KBO_IMAGE/person/middle/2024/52305.jpg
232.0,0.251,55.0,5.0,75.0,16.0,11.0,21.0,0.0,0.342,0.289,변상권,https://lgcxydabfbch3774324.cdn.ntruss.com/KBO_IMAGE/person/middle/2024/68305.jpg
125.0,0.25,28.0,2.0,39.0,12.0,10.0,11.0,2.0,0.348,0.306,원성준,https://lgcxydabfbch3774324.cdn.ntruss.com/KBO_IMAGE/person/middle/2024/54307.jpg
326.0,0.243,70.0,0.0,81.0,27.0,14.0,26.0,1.0,0.281,0.297,김재현,https://lgcxydabfbch3774324.cdn.ntruss.com/KBO_IMAGE/person/middle/2024/62332.jpg
92.0,0.241,21.0,3.0,33.0,14.0,4.0,10.0,1.0,0.379,0.272,임병욱,https://lgcxydabfbch3774324.cdn.ntruss.com/KBO_IMAGE/person/middle/2024/64346.jpg
202.0,0.222,42.0,0.0,54.0,26.0,7.0,10.0,0.0,0.286,0.249,김태진,https://lgcxydabfbch3774324.cdn.ntruss.com/KBO_IMAGE/person/middle/2024/64984.jpg
11.0,0.222,2.0,0.0,3.0,1.0,1.0,2.0,0.0,0.333,0.364,박성빈,https://lgcxydabfbch3774324.cdn.ntruss.com/KBO_IMAGE/person/middle/2024/53305.jpg
109.0,0.22,20.0,0.0,24.0,5.0,14.0,8.0,0.0,0.264,0.33,이원석,https://lgcxydabfbch3774324.cdn.ntruss.com/KBO_IMAGE/person/middle/2024/75566.jpg
126.0,0.216,22.0,4.0,37.0,19.0,22.0,19.0,1.0,0.363,0.36,이형종,https://lgcxydabfbch3774324.cdn.ntruss.com/KBO_IMAGE/person/middle/2024/78135.jpg
7.0,0.2,1.0,0.0,1.0,0.0,1.0,1.0,0.0,0.2,0.429,김동헌,https://lgcxydabfbch3774324.cdn.ntruss.com/KBO_IMAGE/person/middle/2024/53344.jpg
62.0,0.2,11.0,1.0,15.0,7.0,6.0,5.0,0.0,0.273,0.279,주성원,https://lgcxydabfbch3774324.cdn.ntruss.com/KBO_IMAGE/person/middle/2024/69332.jpg
89.0,0.19,16.0,1.0,20.0,7.0,2.0,5.0,0.0,0.238,0.227,이재상,https://lgcxydabfbch3774324.cdn.ntruss.com/KBO_IMAGE/person/middle/2024/54305.jpg
71.0,0.169,10.0,1.0,16.0,6.0,6.0,3.0,0.0,0.271,0.3,김병휘,https://lgcxydabfbch3774324.cdn.ntruss.com/KBO_IMAGE/person/middle/2024/50304.jpg
139.0,0.168,20.0,4.0,35.0,14.0,17.0,13.0,0.0,0.294,0.288,장재영,https://lgcxydabfbch3774324.cdn.ntruss.com/KBO_IMAGE/person/middle/2024/51359.jpg
25.0,0.15,3.0,0.0,3.0,0.0,1.0,2.0,0.0,0.15,0.292,김주형,https://lgcxydabfbch3774324.cdn.ntruss.com/KBO_IMAGE/person/middle/2024/69306.jpg
7.0,0.143,1.0,0.0,1.0,1.0,0.0,0.0,0.0,0.143,0.143,김시앙,https://lgcxydabfbch3774324.cdn.ntruss.com/KBO_IMAGE/person/middle/2024/51303.jpg
38.0,0.125,4.0,0.0,4.0,2.0,4.0,2.0,0.0,0.125,0.243,김웅빈,https://lgcxydabfbch3774324.cdn.ntruss.com/KBO_IMAGE/person/middle/2024/65898.jpg
41.0,0.108,4.0,0.0,5.0,3.0,2.0,1.0,0.0,0.135,0.154,이승원,https://lgcxydabfbch3774324.cdn.ntruss.com/KBO_IMAGE/person/middle/2024/53302.jpg
59.0,0.102,5.0,0.0,7.0,5.0,10.0,1.0,2.0,0.143,0.254,박주홍,https://lgcxydabfbch3774324.cdn.ntruss.com/KBO_IMAGE/person/middle/2024/50357.jpg
57.0,0.102,5.0,1.0,8.0,4.0,7.0,5.0,0.0,0.163,0.211,임지열,https://lgcxydabfbch3774324.cdn.ntruss.com/KBO_IMAGE/person/middle/2024/64340.jpg
